WERKS,BUDAT,MATNR,MAKTX,MENGE,MEINS,DMBTR,WAERS
US02,20260415,MAT-FUEL-01,Diesel Kraftstoff,12500,L,16250.00,USD
DE01,18.04.2026,MAT-FUEL-02,Heizöl extra leicht,4500,L,5400.50,EUR
IN03,20.04.2026,MAT-FUEL-03,Erdgas Standard,800,M3,960.00,INR
DE01,22.04.2026,MAT-PROC-01,Stahl Profilträger,3000,KG,4500.00,EUR
FR04,23.04.2026,MAT-FUEL-01,Diesel Kraftstoff,600,L,780.00,EUR
US02,24.04.2026,MAT-FUEL-02,Heizöl extra leicht,-500,L,-650.00,USD
US02,25.04.2026,MAT-FUEL-01,Diesel Kraftstoff,60000,L,78000.00,USD
DE01,26.04.2026,MAT-PROC-02,Beton C25/30,12000,TO,18000.00,EUR
DE01,27.04.2026,MAT-OFFC-01,Office Copy Paper,50,KG,150.00,EUR
